Paragraph,Polarity,Subjectivity
0,-0.010714285714285707,0.34404761904761905
1,0.1619047619047619,0.4011904761904762
2,0.03676470588235294,0.62140522875817
3,0.07210743801652893,0.47293388429752065
4,0.1921570616883117,0.5149283008658008
5,0.195,0.8550000000000001
6,0.0,0.0
7,0.05625,0.3333333333333333
8,0.12686237373737375,0.4685921717171717
9,-0.15000000000000002,0.7
10,0.0,0.0
11,0.11999999999999997,0.5502777777777778
12,0.1824074074074074,0.610185185185185
13,0.0,0.0
14,0.13636363636363635,0.45454545454545453
15,0.029166666666666674,0.2125
16,0.052976190476190475,0.3892857142857143
17,0.17500000000000002,0.4952380952380952
18,0.09198717948717948,0.542948717948718
19,-0.07752525252525254,0.3851010101010101
20,0.043750000000000004,0.6
21,0.09407738095238094,0.4110485347985347
22,0.0,0.3
23,0.04242424242424243,0.5893939393939394
24,0.14,0.4074358974358974
25,0.11008771929824564,0.41271929824561404
26,0.39,0.41500000000000004
27,-0.5,0.8
28,0.1,0.30000000000000004
29,0.0,0.0
30,0.15694444444444444,0.5797222222222221
31,0.17916666666666667,0.41011904761904766
32,0.06249999999999999,0.46041666666666664
33,-0.053030303030303025,0.2412878787878788
34,0.12083333333333335,0.525
35,0.05694444444444446,0.4597222222222222
36,0.027777777777777766,0.4222222222222223
37,0.1375,0.48333333333333334
38,0.349025974025974,0.5996753246753247
39,0.17857142857142858,0.40714285714285714
40,0.09257575757575759,0.5286796536796536
41,0.06607142857142857,0.42083333333333334
42,0.022105911330049254,0.3907224958949097
43,-0.5,0.5
44,0.3,0.39999999999999997
45,0.13645833333333335,0.41654761904761906
46,-0.1,0.3566666666666666
47,0.09999999999999999,0.39
48,0.1761904761904762,0.4476190476190476
49,0.07118055555555555,0.3652777777777778
50,0.07499999999999998,0.53125
51,0.1368421052631579,0.4342105263157895
52,0.2896103896103896,0.666883116883117
53,0.390625,0.578125
54,0.015277777777777779,0.5310185185185187
55,-0.0638095238095238,0.49976190476190474
56,0.14696969696969694,0.5409090909090909
57,0.08269230769230769,0.6038461538461539
58,0.025549450549450545,0.4782814407814407
59,0.18938492063492063,0.5497023809523809
60,0.021428571428571436,0.46884920634920635
61,0.04999999999999999,0.8500000000000001
62,0.22999999999999998,0.5317857142857143
63,0.05,0.7
64,0.08095238095238096,0.34853896103896104
65,0.2144444444444445,0.545
66,-0.12222222222222222,0.36180555555555555
67,-0.00396103896103896,0.16142857142857145
68,-0.075,0.34375
69,0.005681818181818177,0.4147727272727273
70,-0.25,1.0
71,0.0,0.0
72,-0.5625,0.75
73,0.4,0.7
74,0.016666666666666646,0.48333333333333334
75,-0.1,0.25
76,0.26666666666666666,0.3
77,-0.012499999999999997,0.3875
78,0.17808035714285714,0.5338392857142857
79,0.0,0.0
80,-0.06000000000000001,0.625
81,-0.125,0.3
82,-0.2514172335600907,0.6872165532879819
83,0.17857142857142858,0.5571428571428572
84,0.15166666666666667,0.5092592592592593
85,0.205,0.5183333333333333
86,0.07045454545454545,0.5378787878787878
87,0.039999999999999994,0.315
88,0.07543859649122808,0.4807017543859649
89,0.05978260869565218,0.5130434782608696
90,0.17757936507936511,0.41969246031746027
91,0.015710678210678217,0.496962481962482
92,0.0,0.0
93,0.15533854166666666,0.42578125
94,0.06525,0.4313928571428572
95,0.08333333333333333,0.4166666666666667
96,-0.003508771929824549,0.555701754385965
97,0.3,0.75
98,0.20520833333333333,0.6291666666666667
99,0.11539855072463769,0.5733695652173914
100,0.03250000000000001,0.2866666666666667
101,0.23854166666666668,0.5511904761904762
102,-0.09015151515151515,0.475
103,0.016666666666666666,0.3904761904761905
104,0.05064935064935065,0.45194805194805193
105,0.08134920634920634,0.3113095238095238
106,0.17285714285714288,0.5242857142857142
107,0.0,0.4
108,0.007142857142857145,0.20357142857142857
109,0.09999999999999999,0.6
110,0.2,0.30000000000000004
111,0.6,1.0
112,0.0,0.5
113,0.19047619047619047,0.45238095238095233
114,-0.125,0.375
115,0.016666666666666666,0.31666666666666665
116,0.2138888888888889,0.47500000000000003
117,0.15147058823529413,0.4882352941176471
118,0.12036019536019538,0.47272079772079767
119,0.13,0.27999999999999997
120,0.11862745098039215,0.4622549019607844
121,0.08458333333333333,0.5627777777777777
122,0.12571428571428572,0.4628571428571428
123,0.1662608225108225,0.5284812409812409
124,0.06284992784992785,0.5923304473304473
125,0.19816468253968256,0.44970238095238096
126,-0.018749999999999996,0.36875
127,0.20309523809523808,0.5379761904761905
128,0.1,0.44666666666666677
129,0.19635416666666666,0.48020833333333335
130,-0.1,0.605
131,0.04326923076923077,0.47980769230769227
132,-0.027380952380952377,0.5678571428571428
133,0.06291666666666666,0.43499999999999994
134,0.15454545454545457,0.44989177489177484
135,0.19999999999999998,0.596031746031746
136,0.175,0.41500000000000004
137,-0.04,0.323525641025641
138,0.06794871794871794,0.35567765567765564
139,0.1783730158730159,0.6740079365079366
140,0.049523809523809526,0.44761904761904764
141,-0.01515873015873016,0.46587301587301577
142,0.10568181818181817,0.5863636363636364
143,0.18472222222222223,0.6361111111111111
144,0.035357142857142865,0.5753571428571429
145,0.1875,0.675
146,0.17462962962962963,0.5361111111111111
147,-0.13333333333333333,0.4166666666666667
148,-0.08273809523809524,0.5702380952380952
149,0.05,0.55
150,0.0,0.65
151,0.0,0.0
152,0.2,0.39999999999999997
153,0.0,0.0
154,0.125,0.25
155,0.4666666666666667,0.6166666666666667
156,0.1,0.35
157,-0.3783333333333333,0.7
158,0.1392929292929293,0.5844444444444444
159,-0.01428571428571429,0.4428571428571429
160,0.75,0.75
161,0.08333333333333333,0.6333333333333333
162,0.12222222222222223,0.38333333333333336
163,0.1150703463203463,0.45597041847041847
164,-0.018571428571428572,0.6842857142857143
165,0.10294612794612795,0.453030303030303
166,0.14976948339017304,0.4630194518125553
167,0.06994047619047619,0.5324074074074073
168,0.19062500000000002,0.536111111111111
169,0.0,0.0
170,0.08125,0.42812500000000003
171,0.26403508771929823,0.6824561403508772
172,0.00666666666666668,0.4366666666666667
173,0.17644927536231886,0.4654589371980677
174,0.1863636363636364,0.4741666666666667
175,0.37272727272727274,0.5174242424242425
176,-0.05972222222222223,0.4791666666666667
177,0.0675,0.505
178,0.15625,0.4979166666666667
179,-0.05833333333333333,0.4916666666666667
180,0.175,0.7166666666666667
181,0.0,0.175
182,-0.17499999999999996,0.4916666666666667
183,0.2,0.5888888888888889
184,0.375,0.5
185,0.1392857142857143,0.31428571428571433
186,-0.03995535714285715,0.5272321428571429
187,0.12708333333333333,0.6302083333333334
188,0.20621521335807053,0.5489486703772418
189,0.1361111111111111,0.44722222222222224
190,0.009523809523809521,0.5295918367346939
191,0.03243189102564103,0.48792067307692316
192,-0.0255357142857143,0.5956547619047619
193,-0.26666666666666666,0.48333333333333334
194,0.08602756892230577,0.5989348370927319
195,-0.02303921568627451,0.46813725490196084
196,0.03250000000000001,0.6257142857142857
197,0.12294913419913422,0.4820526695526695
198,-0.044285714285714275,0.3907936507936508
199,0.13229166666666667,0.4979166666666667
200,0.5,0.7000000000000001
201,-0.020000000000000028,0.5599999999999999
202,0.14393939393939395,0.6037878787878789
203,0.3041666666666667,0.37083333333333335
204,-0.038461538461538464,0.18461538461538463
205,-0.052500000000000005,0.655
206,-0.03125,0.3916666666666667
207,0.11083333333333334,0.4741666666666666
208,0.3,0.5
209,0.07777777777777778,0.3411111111111111
210,0.12000000000000002,0.5188888888888888
211,0.06999999999999999,0.2985714285714286
212,0.20422932330827068,0.6565580618212197
213,0.14222222222222222,0.19753968253968254
214,0.08121693121693123,0.3783068783068783
215,0.2041666666666667,0.5438492063492063
216,0.08333333333333333,0.4552910052910053
217,-0.0253968253968254,0.6789241622574956
218,0.1571428571428571,0.5426303854875283
219,-0.011111111111111112,0.39999999999999997
220,0.21587301587301586,0.47023809523809523
221,0.04100378787878788,0.45890151515151517
222,-0.15,0.60625
223,0.10086580086580087,0.34978354978354975
224,0.3237603305785124,0.617584940312213
225,0.30588235294117644,0.5735294117647058
226,0.36436507936507934,0.7036507936507935
227,0.057943722943722936,0.5733498247783962
228,0.11212121212121212,0.6047619047619048
229,-0.0009863945578231226,0.4717233560090702
230,0.05756944444444445,0.39488095238095244
231,-0.01999999999999999,0.6024999999999999
232,0.12992424242424241,0.4446969696969697
233,-0.1307017543859649,0.45701754385964916
234,-0.06283068783068783,0.4979548229548229
235,-0.2916666666666667,0.5416666666666666
236,0.17857142857142858,0.6619047619047619
237,-0.01196127946127947,0.4524382716049382
238,-0.1125,0.42699999999999994
239,0.11666666666666667,0.43333333333333335
240,0.2606060606060606,0.5108225108225107
241,0.20555555555555557,0.6777777777777777
242,0.03903508771929823,0.5929824561403509
243,0.18,0.55
244,-0.006249999999999995,0.630357142857143
245,-0.04305555555555555,0.3513888888888889
246,0.11989128295946477,0.5240062967335695
247,-0.04592803030303031,0.5128787878787878
248,0.09531250000000001,0.6046875
249,0.053888888888888896,0.5905555555555555
250,-0.016836734693877555,0.5003401360544217
251,0.10837438423645321,0.5497536945812808
252,0.08948412698412699,0.546031746031746
253,0.11428571428571428,0.48571428571428577
254,0.013585434173669473,0.5341036414565826
255,-0.08915343915343915,0.5394179894179894
256,0.07833092833092833,0.47953342953342953
257,0.08935626102292768,0.6416578483245149
258,-0.125,0.675
259,0.17847222222222223,0.4819444444444445
260,0.15454545454545457,0.5651515151515152
261,0.19539880952380956,0.5843690476190477
262,0.24166666666666667,0.6479166666666666
263,-0.019958847736625526,0.4551954732510288
264,0.021541666666666643,0.5115952380952381
265,0.22333333333333333,0.37666666666666665
266,0.0,0.0
267,0.252,0.378
268,0.6,1.0
269,0.19021164021164022,0.41957671957671955
270,0.0,0.0
271,-0.26132478632478634,0.5036324786324786
272,-0.21,0.18
273,0.0,0.0
274,0.0,0.0
275,-0.05000000000000001,0.6648148148148147
276,-0.29375000000000007,0.55
277,-0.08192358803986712,0.5299440753045402
278,0.0,0.0
279,-0.15714285714285717,0.5333333333333333
280,0.3333333333333333,0.5
281,0.20952380952380956,0.5182234432234433
282,-0.21,0.18
283,-0.12341269841269839,0.4792328042328042
284,-0.2380952380952381,0.2857142857142857
285,0.0131578947368421,0.43527568922305765
286,0.0,0.0
287,0.1375,0.5875
288,0.0,0.0
289,0.16666666666666666,0.7592592592592592
290,0.0,0.0
291,0.1474358974358974,0.4717948717948718
292,0.0033333333333333435,0.6599999999999999
293,0.0,0.0
294,0.0,0.0
295,0.15863636363636363,0.48545454545454547
296,-0.08928571428571427,0.5921428571428571
297,-0.07187499999999997,0.6577380952380952
298,0.0,0.0
299,0.6125,0.6541666666666667
300,-0.25,0.625
301,-0.25,0.5333333333333333
302,0.17,0.5425
303,0.29623015873015873,0.6053571428571428
304,0.23035714285714282,0.6232142857142857
305,0.048484848484848485,0.5507575757575758
306,-0.025264550264550257,0.3421957671957672
307,0.05155122655122656,0.47896825396825393
308,0.028125000000000015,0.565625
309,0.22135416666666669,0.47708333333333336
310,0.07086734693877551,0.5140816326530613
311,0.5,0.8125
312,0.20103305785123968,0.4754132231404959
313,0.05425063442304822,0.3733094491715182
314,0.11259182736455463,0.4506427915518824
315,0.09038961038961038,0.41240259740259744
316,0.31136363636363634,0.4583333333333334
317,0.15777777777777777,0.44555555555555554
318,0.19534863945578232,0.5219387755102041
319,0.03968253968253967,0.48752834467120176
320,0.16805555555555554,0.43134920634920637
321,0.2035,0.46166666666666656
322,0.08628472222222222,0.4054563492063492
323,-0.05249999999999999,0.3086666666666667
324,0.14120370370370372,0.33055555555555555
325,-0.015151515151515152,0.3333333333333333
326,0.08125000000000002,0.37142857142857144
327,0.1,0.5272222222222223
328,0.2,0.4
329,-0.15277777777777776,0.48055555555555557
330,0.07107438016528926,0.6130394857667585
331,0.02727272727272728,0.6575757575757576
332,0.0,0.06666666666666667
333,-0.19374999999999998,0.75
334,-0.07083333333333332,0.6138888888888888
335,0.1230952380952381,0.4371428571428571
336,0.14263157894736844,0.4714035087719298
337,0.07451790633608814,0.3966253443526171
338,0.04166666666666668,0.3773809523809524
339,0.8,0.75
340,0.0,0.0
341,0.0,0.0
342,-0.125,0.375
343,0.1,0.3
344,0.15925925925925924,0.38796296296296295
345,-0.02330246913580247,0.4661008230452674
346,0.005865335381464408,0.5036072708653355
347,-0.021666666666666667,0.51
348,0.0048701298701298735,0.5001623376623378
349,0.02136243386243386,0.34702380952380957
350,0.22363945578231295,0.458078231292517
351,0.11264367816091954,0.435632183908046
352,0.041508838383838384,0.4524305555555555
353,0.0938888888888889,0.5116666666666666
354,-0.35833333333333334,0.5166666666666667
355,0.18333333333333332,0.3
356,0.08333333333333333,0.4166666666666667
357,-0.05,0.05
358,0.1875,0.5083333333333333
359,0.19196428571428573,0.5205357142857142
360,-0.05,0.4
361,-0.04,0.52
362,0.16363636363636364,0.5318181818181817
363,0.021428571428571425,0.6333333333333334
364,0.16239669421487601,0.5208677685950414
365,-0.00964052287581699,0.5475023342670401
366,0.05333333333333333,0.7172222222222222
367,-0.044285714285714296,0.6722619047619048
368,-0.030416666666666668,0.3466666666666666
369,-0.08116666666666666,0.475
370,-0.055555555555555546,0.5583333333333333
371,0.11064425770308124,0.42756769374416437
372,0.2557575757575758,0.5386363636363636
373,0.029940476190476194,0.4461607142857142
374,0.014758953168044093,0.5329465105601469
375,0.19060846560846562,0.5532848324514992
376,0.002464985994397758,0.47984701572936866
377,0.21536796536796537,0.6183982683982684
378,0.10982142857142858,0.519890873015873
379,-0.017628205128205118,0.6082417582417583
380,0.0465909090909091,0.6093106060606062
381,0.19204545454545452,0.3772727272727273
382,0.006385281385281387,0.27088744588744584
383,0.15,0.75625
384,0.0,0.0
385,0.04999999999999999,0.2
386,0.09166666666666667,0.5583333333333333
387,0.17500000000000002,0.55
388,0.0,0.0
389,0.13627450980392158,0.538838612368024
390,0.0,1.0
391,0.0,0.08333333333333333
392,0.21428571428571427,0.5714285714285714
393,0.0,0.0
394,0.0,0.0
395,0.0,0.16666666666666666
396,0.0,0.0
397,0.0,0.0
398,0.03333333333333333,0.06666666666666667
399,0.2,0.2
400,0.0,0.0
401,0.0,0.125
402,0.05902777777777778,0.43141025641025643
403,0.0,0.0
404,-0.044444444444444446,0.4388888888888889
405,0.14583333333333334,0.3333333333333333
406,-0.2,0.6
407,0.05,0.35
408,-0.03333333333333333,0.30833333333333335
409,0.03824404761904762,0.5701636904761905
410,0.08166666666666667,0.40055555555555555
411,0.04492110453648916,0.40399408284023675
412,0.5,0.875
413,0.1429365079365079,0.4136219336219336
414,0.07928165584415585,0.3967498647186147
415,0.026231060606060598,0.6211174242424242
416,0.06106818181818182,0.37906060606060604
417,0.1861111111111111,0.48240740740740734
418,0.09296875000000002,0.5686755952380953
419,0.05160455486542443,0.3978061793279185
420,0.11982142857142859,0.4679532967032968
421,0.1184981684981685,0.384981684981685
422,-0.004717813051146384,0.43875661375661373
423,0.34285714285714286,0.4785714285714286
424,0.109375,0.384375
425,0.0,0.0
426,0.15833333333333333,0.5083333333333333
427,0.125,0.375
428,0.2604166666666667,0.4479166666666667
429,0.125,0.4006410256410256
430,0.059848484848484845,0.3196969696969697
431,0.1143772893772894,0.377518315018315
432,0.2,0.85
433,0.08928571428571429,0.5392857142857143
434,0.16999999999999998,0.48500000000000004
435,0.0212962962962963,0.6027777777777777
436,0.3,0.46666666666666673
437,-0.15873775347459557,0.4859535201640465
438,-0.274702380952381,0.581845238095238
439,-0.1,0.4
440,0.12,0.42749999999999994
441,-0.075,0.36875
442,0.06174242424242426,0.4470571095571096
443,0.4666666666666666,0.7777777777777778
444,-0.00857843137254903,0.38872549019607855
445,0.038333333333333344,0.41583333333333333
446,0.15892857142857145,0.37023809523809526
447,0.08154761904761905,0.4553571428571429
448,0.037500000000000006,0.35000000000000003
449,0.0,0.0
450,0.06635472370766489,0.611541889483066
451,0.11173850574712645,0.3824137931034482
452,0.10198809523809522,0.48233333333333334
453,0.12692307692307692,0.24871794871794875
454,0.03266460905349794,0.4147119341563786
455,0.2082623106060606,0.4107007575757575
456,0.08620766488413548,0.4233065953654189
457,0.15,0.65
458,0.16987689393939395,0.5310132575757576
459,0.14333333333333337,0.6466666666666666
460,0.04819223985890653,0.30656966490299825
461,-0.05282738095238095,0.4714285714285714
462,-0.14055555555555554,0.22055555555555556
463,0.12095486111111112,0.3920138888888889
464,0.006327160493827162,0.5580246913580247
465,0.06000000000000001,0.55
466,0.039858906525573196,0.5130511463844798
467,0.03501984126984127,0.39786324786324784
468,0.13174603174603175,0.5365079365079366
469,0.03333333333333333,0.4465277777777778
470,0.1441571773636991,0.49029675638371295
471,0.0638888888888889,0.44166666666666665
472,-0.09916666666666665,0.6233333333333334
473,0.0,0.0
474,0.08854166666666667,0.3145833333333334
475,0.0,1.0
476,0.09166666666666665,0.43297101449275366
477,0.12976190476190477,0.5386054421768707
478,-0.059183673469387764,0.4428571428571429
479,-0.2015873015873016,0.37116402116402114
480,0.04653771180086969,0.3885927425401109
481,0.07083333333333333,0.21929824561403505
482,0.28422619047619047,0.4914434523809524
483,0.15351906158357773,0.4739421868454127
484,-0.041666666666666664,0.31752136752136756
485,0.037179487179487186,0.4474358974358974
486,0.1519607843137255,0.4745098039215686
487,-0.1212962962962963,0.412962962962963
488,-0.075,0.2905982905982906
489,-0.046875,0.275
490,0.06666666666666667,0.45185185185185184
491,0.15,0.4791666666666667
492,0.0,0.3666666666666667
493,0.2,0.2
494,0.28452380952380957,0.6288690476190476
495,0.20625,0.5395833333333333
496,0.12142857142857144,0.3031135531135532
497,0.0625,0.38125000000000003
498,0.22745535714285714,0.6046875
499,0.16272893772893773,0.479563492063492
500,-0.02166666666666666,0.5283333333333334
501,0.03269480519480519,0.4806709956709956
502,0.08742559523809525,0.40290178571428575
503,0.1733700642791552,0.5140955004591369
504,0.025666666666666667,0.5376666666666667
505,0.07348484848484847,0.44285016059209603
506,0.0,0.2
507,0.14410714285714288,0.5015674603174604
508,0.1026041666666667,0.4444444444444445
509,0.05714285714285714,0.5238095238095238
510,0.14504273504273504,0.40699633699633697
511,-0.06716269841269841,0.5546626984126984
512,0.15898268398268398,0.479004329004329
513,0.11263736263736263,0.4458791208791209
514,0.13260869565217392,0.5057971014492754
515,0.03833333333333333,0.4277777777777777
516,0.03522376543209878,0.4070216049382716
517,0.14503968253968255,0.5388888888888889
518,0.2037037037037037,0.47870370370370374
519,0.10714285714285714,0.64375
520,0.2544444444444445,0.3738888888888889
521,0.050520833333333334,0.3885416666666667
522,0.05833333333333333,0.3222222222222222
523,0.11888888888888889,0.4592592592592593
524,0.18392857142857144,0.4898809523809524
525,0.04126984126984127,0.5452380952380952
526,-0.07326007326007325,0.4048534798534798
527,0.21944444444444444,0.6805555555555555
528,0.09615384615384616,0.6346153846153846
529,0.03333333333333333,0.36428571428571427
530,0.003809523809523807,0.2966666666666667
531,0.125,0.4102941176470588
532,0.10535714285714286,0.5303571428571429
533,0.10192307692307694,0.45769230769230773
534,0.06363636363636363,0.27803030303030307
535,0.07998236331569666,0.38430335097001767
536,0.0,0.5
537,0.5,0.5
538,0.06742424242424241,0.55
539,0.12037037037037039,0.4085470085470086
540,0.07158119658119658,0.48418803418803413
541,-0.2888888888888889,0.3333333333333333
542,0.09805555555555555,0.5522222222222223
543,0.11666666666666665,0.5
544,0.028103741496598632,0.5836734693877551
545,-0.04,0.41722222222222227
546,0.03997747747747747,0.5085585585585587
547,0.09634740259740258,0.5110389610389611
548,0.05310470779220779,0.3703192640692641
549,0.10208333333333332,0.575
550,0.08387445887445887,0.4057720057720056
551,0.08370811287477954,0.5538359788359789
552,-0.0431159420289855,0.638768115942029
553,0.08183779761904762,0.3743303571428571
554,0.040624999999999994,0.125
555,0.13999999999999999,0.385
556,0.205,0.39519230769230773
557,0.14194444444444443,0.5249074074074074
558,-0.025,0.45
559,0.1017,0.5876000000000001
560,0.13112745098039214,0.5019607843137255
561,-0.05566239316239318,0.4421367521367522
562,0.023480392156862744,0.5271078431372549
563,0.09601190476190477,0.5069642857142858
564,0.09021517697988285,0.47107206518971223
565,-0.08020833333333333,0.31875000000000003
566,0.1,0.2
567,-0.325,0.45
568,0.018181818181818177,0.5022727272727272
569,0.09537037037037038,0.4129629629629629
570,0.43333333333333335,0.6055555555555555
571,0.28727272727272724,0.72
572,0.07000000000000002,0.44666666666666666
573,0.4777777777777778,0.6111111111111112
574,0.07575757575757575,0.5121212121212121
575,0.05006410256410257,0.5034798534798534
576,-0.05833333333333333,0.5916666666666667
577,-0.02333333333333333,0.4443589743589743
578,0.13214285714285715,0.2892857142857143
579,0.07438271604938271,0.5432098765432098
580,0.30454545454545456,0.6484848484848486
581,-0.1090909090909091,0.36493506493506495
582,0.02,0.5599999999999999
583,-0.4000000000000001,0.6
584,-0.5,1.0
585,-0.0016269841269841367,0.5706746031746031
586,0.044444444444444446,0.5576940035273369
587,0.020351239669421487,0.30681818181818177
588,0.09401041666666667,0.44453125
589,-0.08333333333333333,0.4939393939393939
590,0.1357142857142857,0.48214285714285715
591,0.09907407407407406,0.4602920227920227
592,0.07041666666666667,0.19875
593,0.13083333333333336,0.36083333333333334
594,0.23750000000000002,0.4625
595,0.1722222222222222,0.4708333333333334
596,0.03333333333333333,0.29444444444444445
597,0.0,0.0
598,0.45499999999999996,0.675
599,0.12393162393162392,0.5068376068376069
600,-0.18333333333333335,0.2833333333333333
601,0.24166666666666664,0.6283333333333334
602,0.04811111111111111,0.4915555555555555
603,0.15,0.5716666666666667
604,0.07857142857142858,0.4845238095238095
605,0.1559469696969697,0.6241125541125542
606,0.44999999999999996,0.45000000000000007
607,0.18527930402930404,0.5174816849816849
608,0.4547619047619048,0.5738095238095239
609,0.054166666666666655,0.4510416666666667
610,0.23333333333333334,0.5583333333333333
611,-0.13,0.4
612,0.010937500000000005,0.44270833333333337
613,0.23875000000000002,0.635
614,0.07833333333333334,0.5672222222222222
615,0.18726851851851853,0.5351851851851852
616,0.04455128205128205,0.573076923076923
617,0.26666666666666666,0.4962962962962963
618,0.03125,0.4375
619,0.09285714285714286,0.3757142857142857
620,0.24469696969696972,0.6068181818181818
621,0.19444444444444442,0.7222222222222223
622,-0.18,0.29000000000000004
623,-0.08499999999999996,0.27444444444444444
624,0.024101921470342524,0.40446950710108603
625,-0.008771929824561398,0.15789473684210525
626,0.09,0.30666666666666664
627,0.0,1.0
628,0.06,0.41083333333333333
629,0.19280303030303034,0.5271212121212121
630,0.16415816326530613,0.5851288592360021
631,0.0770854899930987,0.43750796305144113
632,0.1875,0.5520833333333334
633,0.19999999999999998,0.6
634,-0.09166666666666667,0.525
635,0.05,0.25
636,0.075,0.45499999999999996
637,0.06018518518518518,0.38888888888888895
638,0.11319444444444443,0.39837962962962964
639,0.10416666666666667,0.48611111111111116
640,-0.02527852049910874,0.530392156862745
641,0.0031250000000000028,0.26666666666666666
642,0.04068877551020408,0.4699829931972789
643,0.020833333333333332,0.611111111111111
644,0.175,0.5694444444444444
645,-0.09999999999999999,0.4
646,0.115007215007215,0.4187867687867687
647,0.1849206349206349,0.5368538868538868
648,-0.016137566137566138,0.4304232804232804
649,0.22196969696969698,0.45628787878787874
650,0.0,0.13333333333333333
651,0.0,0.0
652,0.22999999999999998,0.6900000000000001
653,0.0,0.0
654,-0.8,0.9
655,0.0,0.1125
656,-0.008415032679738562,0.3366013071895425
657,-0.04583333333333334,0.43333333333333335
658,0.25357142857142856,0.5583333333333333
659,0.16423611111111114,0.5107638888888889
660,0.2512113617376775,0.5657444894286999
661,-0.0625,0.3888888888888889
662,-0.1,0.43
663,0.0,0.0
664,0.02666666666666668,0.2733333333333333
665,0.0,1.0
666,0.3,0.6166666666666667
667,0.10714285714285714,0.3125
668,0.019091710758377418,0.5064373897707231
669,0.0869047619047619,0.44285714285714284
670,0.0418831168831169,0.47864357864357865
671,0.07051282051282051,0.34487179487179487
672,0.22499999999999998,0.25
673,-0.03821548821548822,0.31212121212121213
674,0.09479949874686718,0.5889097744360903
675,0.2268706409331409,0.5307036135161134
676,0.13159090909090906,0.5813215488215489
677,0.08333333333333333,0.6166666666666667
678,0.0,0.0
679,0.1888888888888889,0.5370370370370369
680,0.43750000000000006,0.6458333333333333
681,0.007142857142857131,0.5857142857142856
682,0.11220238095238096,0.48958333333333337
683,0.024646464646464646,0.5108585858585858
684,0.2041666666666667,0.4666666666666666
685,0.41,0.5083333333333333
686,0.10199510634293243,0.45754752493882933
687,0.15158730158730158,0.35912698412698413
688,0.031699346405228764,0.5084967320261438
689,0.55,0.6
690,0.16944444444444443,0.4472222222222222
691,0.06773901808785528,0.5295478036175709
692,0.09821428571428571,0.4928571428571429
693,0.0,0.0
694,0.0,0.0
695,0.42,0.5779166666666667
696,0.05,0.2
697,0.08587962962962963,0.49259259259259264
698,0.06250000000000001,0.5106481481481482
699,0.20833333333333337,0.37222222222222223
700,-0.1875,0.3875
701,-0.1921062271062271,0.5792124542124543
702,-0.20104166666666665,0.875
703,0.09531250000000002,0.521875
704,-0.01333333333333333,0.6733333333333333
705,-0.4437499999999999,0.5833333333333333
706,0.5,1.0
707,0.5,0.6
708,-0.22916666666666666,0.7000000000000001
709,0.15104166666666666,0.39166666666666666
710,-0.16666666666666666,0.3333333333333333
711,0.24,0.37
712,0.032692307692307694,0.40576923076923077
713,-0.10500000000000001,0.41500000000000004
714,-0.002472527472527469,0.37390109890109885
715,0.0,0.0
716,-0.3125,0.6375
717,0.042857142857142864,0.42244897959183675
718,0.3333333333333333,0.7000000000000001
719,0.1017857142857143,0.5295634920634921
720,0.07526041666666666,0.37786458333333334
721,0.14048295454545456,0.5208806818181818
722,0.1450980392156863,0.4676470588235294
723,0.2,0.4333333333333333
724,0.08728070175438596,0.48464912280701755
725,0.0,0.0
726,0.1444444444444445,0.34444444444444444
727,0.07083333333333332,0.32708333333333334
728,0.1727777777777778,0.4984259259259259
729,0.26333333333333336,0.4125000000000001
730,0.09999404761904762,0.480202380952381
731,-0.0013634513634513694,0.5201821326821326
732,0.029679802955665028,0.42881773399014783
733,-0.06419294990723562,0.46371057513914654
734,-0.008333333333333331,0.44895833333333335
735,0.07856361451599547,0.47413527389717863
736,0.09013157894736842,0.6285087719298246
737,-0.009903581267217632,0.3991597796143251
738,0.16166666666666668,0.5616666666666668
739,-0.041666666666666664,0.08333333333333333
740,0.09123015873015874,0.48214285714285715
741,0.06923076923076923,0.34487179487179487
742,0.07777777777777778,0.39188034188034193
743,0.030555555555555558,0.44166666666666665
744,0.16666666666666666,0.3638888888888889
745,0.008214285714285719,0.30357142857142855
746,0.14444444444444446,0.5999999999999999
747,0.14107142857142857,0.5636904761904762
748,0.06277777777777778,0.4372222222222222
749,0.06157407407407408,0.5314814814814814
750,-0.5,1.0
751,0.08571428571428572,0.1595238095238095
752,0.15,0.4857142857142857
753,0.22777777777777777,0.3888888888888889
754,0.1875,0.46969696969696967
755,0.0777591036414566,0.40291316526610643
756,0.05697278911564626,0.470578231292517
757,0.06541666666666665,0.5037499999999999
758,-0.0018518518518518452,0.2896825396825397
759,0.011111111111111108,0.23148148148148145
760,0.0,0.0
761,0.0,0.1
762,0.17416666666666666,0.4733333333333333
763,-0.2333333333333333,0.45
764,0.1270717377860235,0.43014223871366725
765,0.19147727272727275,0.4965909090909091
766,0.1090909090909091,0.32196969696969696
767,-0.003491436100131748,0.37157444005270096
768,-0.028650137741046834,0.514167650531287
769,-0.34523809523809523,0.5357142857142857
770,-0.0673076923076923,0.3467948717948718
771,-0.02126984126984127,0.5736507936507936
772,0.0033333333333333383,0.5016666666666666
773,0.0968240093240093,0.5117424242424243
774,0.06192185007974484,0.348145933014354
775,0.15873015873015875,0.4832866479925303
776,0.19943181818181818,0.3901515151515151
777,0.03333333333333333,0.46666666666666673
778,-0.12529761904761902,0.5869047619047619
779,0.19268707482993194,0.420578231292517
780,0.07704081632653062,0.6316326530612245
781,0.12434523809523809,0.47613095238095243
782,0.3243452380952381,0.47613095238095227
783,0.08321000704721636,0.464446793516561
784,-0.015438596491228064,0.36877192982456136
785,0.18235294117647058,0.3431372549019608
786,0.45,0.5239583333333333
787,0.07983193277310922,0.5429271708683472
788,0.17587412587412585,0.4029137529137529
789,0.075,0.5499999999999999
790,0.06349206349206349,0.3549603174603175
791,-0.019791666666666666,0.409375
792,0.1121794871794872,0.40054945054945057
793,0.12291666666666666,0.49999999999999994
794,0.1732142857142857,0.4968253968253968
795,0.0919642857142857,0.5014880952380951
796,0.05089285714285714,0.46696428571428567
797,0.1628982128982129,0.42148407148407147
798,0.10746336996336996,0.5696428571428571
799,-0.10321428571428572,0.38317460317460317
800,0.008333333333333326,0.4316666666666667
801,-0.02031250000000001,0.4953125
802,0.06349999999999999,0.4581666666666665
803,0.05873015873015873,0.34206349206349207
804,0.13833333333333334,0.47250000000000003
805,0.21648948877209742,0.527846127302649
806,0.45,0.8194444444444445
807,0.17708333333333334,0.44166666666666665
808,0.11183333333333334,0.5013129251700681
809,0.35,0.6666666666666667
810,0.028306878306878305,0.5033068783068783
811,0.006410256410256409,0.46794871794871784
812,-0.030952380952380953,0.4939625850340136
813,0.12499999999999999,0.505
814,-0.05198412698412698,0.35304232804232805
815,0.1319345238095238,0.5309151785714286
816,0.25,0.75
817,0.0,0.0
818,0.04,0.2333333333333334
819,0.03125,0.60625
820,-0.014285714285714282,0.4160714285714285
821,0.0,0.2125
822,0.02717948717948717,0.3435897435897436
823,0.23944444444444443,0.5648148148148148
824,0.34,0.5599999999999999
825,0.0,0.2
826,0.18958333333333333,0.49074074074074076
827,0.15624999999999997,0.571875
828,0.1062301587301587,0.47587301587301584
829,0.16274509803921572,0.5532679738562092
830,0.05,0.35
831,0.009821428571428573,0.36085164835164846
832,0.0,0.5
833,0.1357142857142857,0.6547619047619048
834,-0.03333333333333333,0.20833333333333334
835,0.1496969696969697,0.6012121212121212
836,0.24500000000000002,0.6296031746031746
837,0.09375,0.375
838,0.2928571428571428,0.4057142857142858
839,0.2635416666666667,0.4553571428571429
840,0.034560931899641587,0.4130465949820789
841,0.17272727272727273,0.5045454545454544
842,0.08333333333333334,0.4416666666666667
843,0.18333333333333335,0.5416666666666666
844,0.20750000000000002,0.5741666666666667
845,0.019088669950738917,0.42463054187192123
846,0.05530675054112555,0.46253043831168833
847,-0.3,1.0
848,0.06666666666666668,0.44722222222222224
849,0.0,0.0
850,-0.18333333333333332,0.46388888888888885
851,0.05736607142857142,0.42375992063492074
852,0.20615079365079367,0.5996031746031746
853,0.3,0.76
854,0.09114583333333334,0.46875000000000006
855,-0.08522727272727272,0.4772727272727273
856,0.06050793650793652,0.6444444444444445
857,0.02140804597701149,0.36398467432950193
858,-0.04880952380952381,0.5809523809523809
859,-0.05416666666666667,0.22499999999999998
860,0.17,0.4164583333333333
861,-0.15666666666666665,0.7714285714285715
862,-0.0361111111111111,0.6703703703703704
863,-0.2333333333333333,0.5
864,-0.05,0.3729166666666667
865,0.032185374149659864,0.46724773242630385
866,0.14806346136133372,0.4285414939670259
867,-0.5,1.0
868,0.0886111111111111,0.27805555555555556
869,0.054165279165279176,0.4255328005328005
870,-0.0057692307692307635,0.5250000000000001
871,0.2591575091575092,0.529029304029304
872,-0.06666666666666668,0.5466666666666666
873,-0.08571428571428573,0.43571428571428567
874,0.24256854256854254,0.49143217893217894
875,0.2464285714285715,0.6778571428571428
876,-0.13333333333333333,0.5333333333333333
877,0.11119963369963372,0.41824175824175824
878,0.060833333333333316,0.39916666666666667
879,0.018333333333333344,0.6033333333333333
880,-0.08831168831168831,0.4467532467532467
881,0.19166666666666665,0.5416666666666666
882,0.10508021390374332,0.37673796791443853
883,0.325,0.425
884,0.3,0.5
885,0.07083333333333333,0.3666666666666667
886,0.0970982142857143,0.4589285714285714
887,0.15739648033126297,0.5031884057971014
888,0.18250000000000002,0.3825
889,0.16435185185185186,0.3776234567901234
890,-0.10178571428571428,0.4928571428571429
891,-0.09062500000000001,0.315625
892,0.05896464646464645,0.43590067340067334
893,-0.02840909090909091,0.30113636363636365
894,-0.015493197278911566,0.4915419501133786
895,0.044444444444444446,0.5444444444444444
896,-0.0070436507936507955,0.36150793650793656
897,0.15691823899371066,0.49045073375262044
898,0.0798913043478261,0.427536231884058
899,0.029365079365079358,0.4301587301587302
900,0.08372093023255812,0.4997416020671833
901,-0.08683333333333332,0.41877777777777775
902,0.11666666666666667,0.43333333333333335
903,0.21875,0.2533653846153846
904,0.24479166666666666,0.6737847222222222
905,-0.24722222222222223,0.7861111111111111
906,0.1625,0.37916666666666665
907,0.0050793650793650785,0.5428571428571428
908,0.09583333333333333,0.22777777777777777
909,0.15,0.45
910,0.2506060606060606,0.4565268065268065
911,0.062499999999999986,0.54
912,0.012373737373737377,0.4949494949494949
913,0.16666666666666666,0.19999999999999998
914,-0.058357142857142864,0.4044285714285714
915,-0.1111111111111111,0.3333333333333333
916,0.18958333333333333,0.43125
917,-0.01789215686274508,0.35509803921568633
918,0.05,0.26666666666666666
919,-0.03333333333333333,0.16666666666666666
920,0.06063311688311688,0.5497294372294371
921,0.11776190476190478,0.5305054945054944
922,0.15,0.5266666666666666
923,0.018849206349206348,0.47678571428571426
924,0.0,0.2
925,-0.004573412698412697,0.4214087301587301
926,0.0,0.0
927,0.1691287878787879,0.6415404040404041
928,0.03531746031746032,0.5152777777777777
929,-0.11136363636363637,0.49015151515151517
930,0.021180555555555557,0.43881543803418804
931,0.18181818181818182,0.5916666666666667
932,0.6,0.8
933,0.0,0.0
934,0.08854166666666669,0.38402777777777786
935,0.2,0.625
936,0.15185185185185185,0.5078703703703704
937,0.19624999999999998,0.4883333333333334
938,0.2357142857142857,0.4714285714285714
939,0.1750274725274725,0.5714701094112858
940,-0.016666666666666663,0.5166666666666667
941,-0.0475,0.45199999999999996
942,0.025000000000000012,0.5499999999999999
943,0.05773809523809522,0.36607142857142855
944,0.054718350754936126,0.49724157955865267
945,0.08125,0.4341666666666666
946,-0.155,0.51
947,0.024107142857142865,0.5162698412698412
948,-0.0646875,0.5961805555555556
949,0.05000000000000001,0.33888888888888885
950,0.10663919413919414,0.5126831501831501
951,0.006136054421768693,0.5072040816326531
952,0.07142857142857142,0.5089285714285714
953,0.1769230769230769,0.5230769230769231
954,0.24375,0.80625
955,-0.057623106060606055,0.6664299242424242
956,0.07500000000000001,0.35185185185185186
957,0.23337912087912088,0.6008241758241758
958,0.1449404761904762,0.5882936507936508
959,-0.09999999999999999,0.12222222222222222
960,0.06723809523809526,0.6868571428571428
961,0.25555555555555554,0.7794871794871794
962,0.13821839080459772,0.5923076923076922
963,0.050361394557823146,0.4930272108843537
964,0.17535511363636366,0.5115135732323233
965,0.08060966810966812,0.43341450216450217
966,0.045454545454545456,0.43333333333333335
967,0.1949404761904762,0.4865079365079364
968,0.015773809523809527,0.31418650793650793
969,0.14181096681096678,0.5025974025974026
970,0.1125,0.25
971,0.1486111111111111,0.4722222222222222
972,0.11489898989898989,0.6155723905723907
973,0.09484649122807016,0.4752923976608187
974,0.05365853658536586,0.4268292682926829
975,0.008928571428571421,0.4261904761904762
976,-0.0951388888888889,0.4312500000000001
977,0.0896694214876033,0.5231404958677686
978,0.13346007063112328,0.5061659831396674
979,0.233994708994709,0.6375661375661374
980,0.17045454545454547,0.4068181818181818
981,0.11000000000000001,0.5032142857142856
982,5.551115123125783e-18,0.6900000000000001
983,0.27142857142857146,0.43809523809523804
984,0.05631868131868131,0.5253663003663003
985,0.04504329004329004,0.510501443001443
986,0.06621212121212121,0.5479292929292929
987,0.09862155388471178,0.4765664160401002
988,0.11562499999999999,0.4083333333333334
989,0.07783333333333334,0.6204102564102564
990,-0.06553571428571428,0.5092261904761906
991,0.08509009009009008,0.5726645876645878
992,0.008082706766917299,0.5304302422723476
993,0.09166666666666663,0.5493055555555556
994,0.19516666666666668,0.5329555555555556
995,0.11517857142857144,0.4017857142857143
996,0.2380952380952381,0.3988095238095238
997,0.11798245614035088,0.47178362573099414
998,0.11498015873015872,0.3867063492063493
999,0.3,0.75
1000,0.03038720538720537,0.4904882154882154
1001,0.15,0.6137896825396826
1002,0.027678571428571424,0.4366758241758241
1003,0.2204545454545455,0.4636363636363636
1004,0.08124999999999999,0.49062500000000003
1005,0.07936507936507936,0.5746031746031746
1006,0.10636288998357962,0.4825533661740558
1007,0.02499999999999999,0.47333333333333333
1008,0.0593253968253968,0.5510582010582011
1009,0.14596530920060333,0.44475867269984914
1010,-0.05535714285714285,0.6089285714285714
1011,-0.038636363636363635,0.4598484848484848
1012,0.1,0.6
1013,0.21444444444444447,0.5994444444444443
1014,0.0902097902097902,0.43916083916083914
1015,0.07115384615384615,0.3398915187376726
1016,-0.021428571428571425,0.3799107142857143
1017,0.14114583333333333,0.46041666666666664
1018,0.17777777777777778,0.6222222222222222
1019,-0.07738095238095238,0.20535714285714288
1020,0.07724867724867726,0.33214285714285713
1021,0.15181818181818182,0.5786796536796537
1022,0.2705952380952381,0.42595238095238097
1023,0.07668650793650793,0.5230654761904763
1024,-0.03112244897959184,0.3753401360544218
1025,0.08333333333333333,0.35000000000000003
1026,0.0,0.0
1027,0.10833333333333334,0.6333333333333333
1028,0.033001893939393935,0.4013257575757575
1029,0.0,0.0
1030,0.02278630460448642,0.3213006690279418
1031,0.04850427350427351,0.43910256410256415
1032,0.22870370370370374,0.5841049382716049
1033,-0.17291666666666666,0.61875
1034,0.025,0.2
1035,0.0,0.0
1036,0.06321428571428571,0.4852380952380952
1037,0.012499999999999992,0.24398148148148147
1038,-0.06666666666666667,0.3666666666666667
1039,0.0,0.5
1040,0.03125,0.6875
1041,0.05724852071005915,0.5327251808021038
1042,0.0025270184361093403,0.4064129052765416
1043,0.024886621315192745,0.3700680272108844
1044,0.01602777777777779,0.5485555555555555
1045,-0.08680555555555554,0.4880555555555555
1046,-0.07777777777777779,0.3222222222222222
1047,0.14350198412698414,0.41284722222222214
1048,-0.0006944444444444512,0.5125
1049,0.18857142857142856,0.5132936507936507
1050,0.3125,0.5097222222222222
1051,0.05896464646464647,0.44648268398268404
1052,0.25,0.45
1053,0.07142857142857144,0.2642857142857143
1054,-0.011111111111111115,0.20092592592592595
1055,0.0779513888888889,0.4148313492063492
1056,0.10333333333333335,0.4595833333333334
1057,0.11666666666666665,0.5
1058,0.07962962962962965,0.5049382716049382
1059,0.13437499999999997,0.6057291666666667
1060,0.05318722943722943,0.55001443001443
1061,0.07321428571428572,0.5369047619047619
1062,-0.007291666666666665,0.546875
1063,0.11176470588235293,0.2852941176470588
1064,0.043174603174603185,0.5021123321123321
1065,0.2020408163265306,0.585204081632653
1066,-0.001679841897233204,0.39122326948413905
1067,0.07647058823529411,0.4024509803921568
1068,0.23888888888888887,0.5925925925925926
1069,0.0,0.19999999999999998
1070,0.11025641025641024,0.7326923076923075
1071,0.12976190476190477,0.40158730158730155
1072,0.125,0.22166666666666668
1073,0.0002688172043010752,0.43844086021505374
1074,-0.07962962962962963,0.4574074074074075
1075,-0.018640873015873013,0.5472939560439561
1076,0.1164862914862915,0.518109668109668
1077,0.09651162790697675,0.41802325581395344
1078,0.008333333333333335,0.3820512820512821
1079,0.14591666666666664,0.5861666666666666
1080,0.1419642857142857,0.5034297052154196
1081,0.18703703703703703,0.34465811965811965
1082,0.16377551020408165,0.44149659863945573
1083,0.2833333333333334,0.6555555555555556
1084,0.23636363636363636,0.6621212121212121
1085,0.04650000000000001,0.43333333333333335
1086,-0.12575757575757573,0.4382154882154883
1087,-0.011249999999999993,0.5237499999999999
1088,-0.019696969696969695,0.6128787878787878
1089,0.0642857142857143,0.4750000000000001
1090,0.09523809523809525,0.5476190476190477
1091,0.26666666666666666,0.5
1092,0.07629310344827588,0.4985632183908047
1093,0.005628019323671494,0.43466183574879225
1094,0.185,0.4175
1095,0.2517857142857143,0.6016369047619048
1096,-0.0024603174603174496,0.551904761904762
1097,0.08333333333333333,0.35000000000000003
1098,-0.09833333333333333,0.8933333333333332
1099,-0.5,0.5
1100,-0.08333333333333333,0.29166666666666663
1101,0.0,0.12142857142857143
1102,0.0,0.0
1103,0.0,0.0
1104,-0.003333333333333336,0.38666666666666666
1105,0.1306802721088435,0.5537074829931973
1106,0.15190422322775263,0.663964303670186
1107,0.21363636363636362,0.6354545454545454
1108,0.14989177489177485,0.5254329004329004
1109,0.0,0.75
1110,0.05895604395604394,0.4897517297517298
1111,0.3028571428571428,0.5267857142857142
1112,0.06574074074074074,0.3703703703703704
1113,0.08541666666666667,0.74375
1114,0.2833333333333333,0.425
1115,0.11404761904761904,0.4867559523809524
1116,0.13124999999999998,0.25625
1117,0.10729166666666666,0.453125
1118,0.022222222222222216,0.5416666666666666
1119,0.1,0.3
1120,0.08833333333333333,0.41375
1121,0.21562499999999998,0.403125
1122,0.0038461538461538494,0.5980769230769231
1123,0.035,0.41999999999999993
1124,0.10261904761904761,0.4197619047619048
1125,0.14285714285714285,0.5
1126,0.10975274725274724,0.3592948717948718
1127,0.07094988344988343,0.4802701571932341
1128,-0.05535714285714284,0.3800595238095238
1129,0.1340909090909091,0.5047979797979797
1130,-0.27499999999999997,0.43928571428571433
1131,0.10519480519480523,0.5740259740259742
1132,-0.034722222222222224,0.412962962962963
1133,0.12536231884057972,0.5181159420289855
1134,0.10308641975308641,0.5938271604938271
1135,0.0,0.0
1136,0.10920935545935545,0.5684844476511143
1137,0.05408375226923613,0.36536621980170375
1138,0.22329545454545452,0.49119318181818183
1139,0.08468045112781952,0.48875313283208016
1140,0.0846153846153846,0.4089743589743589
1141,0.11849867724867726,0.5355026455026455
1142,0.15056517556517557,0.3917207792207792
1143,0.07502951593860685,0.4871654860291224
1144,0.1285714285714286,0.4119047619047619
1145,0.09556277056277056,0.4071262071262071
1146,0.09498106060606062,0.5547111742424242
1147,0.10113636363636364,0.4558712121212121
1148,-0.05714285714285716,0.6226190476190475
1149,0.023482726423902894,0.3997665732959851
1150,-0.15643939393939393,0.34599567099567097
1151,0.09772727272727272,0.434090909090909
1152,0.14581932773109246,0.3831232492997199
1153,0.0012987012987012991,0.2645743145743146
